,광역시도,시군구,20~39세계,20~39세여자,65세이상계,인구수 계,인구수남자,인구수여자,소멸비율,소멸위기지역,ID,y,x,여성비율,2030 여성비율,고령자 비율
0,강원,강릉시,46008,20993,40497,203057,101154,101903,1.036768155665852,0,강릉,3,11,50.184430972584046,45.629021039819165,19.943661139483
1,강원,고성군,4006,1699,7005,23621,11933,11688,0.48508208422555316,1,고성(강원),0,10,49.4813936751196,42.41138292561158,29.65581474112019
2,강원,동해시,16311,7510,16152,83888,42093,41795,0.9299157999009411,1,동해,4,11,49.82238222391761,46.04254797376004,19.254243753576198
3,강원,삼척시,12428,5280,14953,61833,31630,30203,0.7062128001070019,1,삼척,5,11,48.8460854236411,42.48471194077889,24.18287969207381
4,강원,속초시,15928,7411,14010,76302,37488,38814,1.0579586009992863,0,속초,1,10,50.868915624754266,46.528126569563035,18.361248722182903
5,강원,양구군,4656,2016,4123,19900,10272,9628,0.9779286926994907,1,양구,0,9,48.381909547738694,43.29896907216495,20.71859296482412
6,강원,양양군,4020,1810,7405,25125,12599,12526,0.4888588791357191,1,양양,2,10,49.854726368159206,45.024875621890544,29.4726368159204
7,강원,영월군,4983,2227,10051,34342,17530,16812,0.4431399860710377,1,영월,7,10,48.95463281113505,44.6919526389725,29.267369401898552
8,강원,원주시,83196,40779,46837,329874,163155,166719,1.7413156265345773,0,원주,5,10,50.54020626057222,49.01557767200346,14.198451529978112
9,강원,인제군,6320,2739,5793,28219,14807,13412,0.9456240290005179,1,인제,1,8,47.52826110067685,43.338607594936704,20.52872178319572
10,강원,정선군,5007,2222,8810,32728,16876,15852,0.5044267877412032,1,정선,3,10,48.435590320215105,44.37787098062712,26.91884624786116
11,강원,철원군,8373,3767,9045,40147,20255,19892,0.8329463792150359,1,철원,0,7,49.547911425511245,44.98984832198734,22.529703340224675
12,강원,춘천시,66567,32994,44624,265695,129655,136040,1.4787558264610972,0,춘천,1,9,51.20156570503773,49.56509982423724,16.79519750089388
13,강원,태백시,6857,3211,9412,40467,20307,20160,0.6823204419889503,1,태백,4,10,49.81837052413077,46.828058917894126,23.258457508587245
14,강원,평창군,5597,2544,10304,37624,19034,18590,0.4937888198757764,1,평창,6,10,49.40995109504572,45.452921207789885,27.386774399319584
15,강원,홍천군,10966,4987,15824,62531,31608,30923,0.6303083923154702,1,홍천,2,8,49.45227167325007,45.476928688674086,25.30584829924358
16,강원,화천군,5189,2166,4863,21700,11302,10398,0.8908081431215299,1,화천,0,8,47.91705069124424,41.742146849103875,22.41013824884793
17,강원,횡성군,6502,3045,11883,41427,20919,20508,0.5124968442312547,1,횡성,2,9,49.50394670142661,46.831744078745004,28.684191469331594
18,경기,가평군,10406,4848,13649,55249,27803,27446,0.7103817129460034,1,가평,3,7,49.67691722927112,46.58850663078993,24.70451953881518
19,경기,과천시,13196,6605,7335,52389,25565,26824,1.8009543285616905,0,과천,7,7,51.20158811964344,50.053046377690215,14.001030750730115
20,경기,광명시,79498,39850,39032,300735,146975,153760,2.0419143267062925,0,광명,4,4,51.12806956290422,50.127047221313745,12.978868438991139
21,경기,광주시,95920,46955,43492,350406,177168,173238,2.1592476777338363,0,광주,7,9,49.439221931131314,48.9522518765638,12.411887924293534
22,경기,구리시,50331,25537,23685,187625,91954,95671,2.1563858982478363,0,구리,3,8,50.99053964023984,50.738113687389486,12.623584277148566
23,경기,군포시,71824,35603,31741,261123,128228,132895,2.2433445701143633,0,군포,9,5,50.89364016191603,49.569781688572064,12.15557419300483
24,경기,권선구,109106,53806,36968,356678,178020,178658,2.910950010820169,0,수원 권선,10,5,50.08943641043182,49.31534471064836,10.364530472863478
25,경기,기흥구,104472,53670,49705,408613,200436,208177,2.159541293632431,0,용인 기흥,9,8,50.94722879595118,51.372616586262346,12.164321742088479
26,경기,김포시,107755,55346,49106,410416,203616,206800,2.2541440964444264,0,김포,4,2,50.38789910724728,51.36281379054336,11.964933141008148
27,경기,남양주시,158873,81508,86857,658410,324619,333791,1.8768320342632143,0,남양주,2,7,50.696526480460506,51.30387164590585,13.191932078795887
28,경기,단원구,84580,40558,27101,292166,148143,144023,2.993099885613077,0,안산 단원,8,3,49.29492138031119,47.95223457082052,9.275891103003087
29,경기,덕양구,115693,58376,60361,434496,212696,221800,1.934229055184639,0,고양 덕양,3,4,51.04765061128296,50.45767678251926,13.892187730151717
30,경기,동두천시,19995,9706,16535,87789,43473,44316,1.1739945570003023,0,동두천,1,4,50.48012848990192,48.54213553388347,18.834933761633007
31,경기,동안구,83368,42071,33709,305176,148374,156802,2.496128630336112,0,안양 동안,5,3,51.38084253021208,50.464206889933784,11.045757202401237
32,경기,만안구,65727,32133,34077,232970,115363,117607,1.8859054494233647,0,안양 만안,4,3,50.48160707387217,48.888584599936095,14.627205219556167
33,경기,부천시,225145,112536,97382,789832,388300,401532,2.311227947670001,0,부천,5,2,50.83764648684783,49.98378822536588,12.329457403599752
34,경기,분당구,121818,63839,54830,450949,216999,233950,2.328615721320445,0,성남 분당,8,7,51.879480828208955,52.40522747048876,12.15880288014831
35,경기,상록구,94432,45514,34801,329833,165899,163934,2.615671963449326,0,안산 상록,7,3,49.702121982942884,48.19764486614707,10.551097070335594
36,경기,수정구,64575,31237,33149,221396,110653,110743,1.8846420706506983,0,성남 수정,8,8,50.020325570471016,48.37320944638018,14.972718567634466
37,경기,수지구,87093,45783,44174,343400,166498,176902,2.072848281794721,0,용인 수지,8,9,51.51485148514852,52.56794461093314,12.863715783343041
38,경기,시흥시,130804,62272,38348,451166,232951,218215,3.247731302805883,0,시흥,6,3,48.36689821484775,47.60710681630531,8.49975397082227
39,경기,안성시,43275,20391,28371,174023,88473,85550,1.4374537379718726,0,안성,10,4,49.160168483476326,47.11958405545927,16.30301741723795
40,경기,양주시,49259,24354,30411,207734,103990,103744,1.6016572950577095,0,양주,1,3,49.94078966370454,49.44071134208977,14.639394610415243
41,경기,양평군,18583,9046,25713,105056,52233,52823,0.703612958425699,1,양평,4,9,50.28080261955529,48.67890006995641,24.475517819067928
42,경기,여주시,21655,10328,20924,102076,51516,50560,0.9871917415408143,1,여주,5,9,49.53172146243975,47.6933733548834,20.498452133704298
43,경기,연천군,8293,3506,10094,39677,20488,19189,0.6946701010501288,1,연천,1,5,48.3630314791945,42.27661883516218,25.440431484235198
44,경기,영통구,114114,56846,23901,349508,174245,175263,4.756788418894607,0,수원 영통,9,7,50.14563329022511,49.81509718351823,6.83847007793813
45,경기,오산시,66228,31630,19071,215639,110191,105448,3.3170782864034396,0,오산,10,3,48.90024531740548,47.75925590384731,8.843947523407177
46,경기,의왕시,40279,19807,19547,150673,74450,76223,2.0266025477055303,0,의왕,9,6,50.5883602237959,49.17450780803893,12.973127235802034
47,경기,의정부시,112160,56859,60671,425099,207441,217658,1.8743386461406604,0,의정부,1,7,51.20172006991312,50.69454350927247,14.272204827581339
48,경기,이천시,52726,25107,27195,200370,101752,98618,1.846442360728075,0,이천,6,9,49.217946798422915,47.61787353487843,13.572391076508458
49,경기,일산동구,72176,38009,32677,274192,131746,142446,2.3263457477736633,0,고양 일산동,2,4,51.95118748905876,52.66154954555531,11.917561416817414
50,경기,일산서구,68555,35939,33499,280312,134373,145939,2.1456759903280695,0,고양 일산서,3,3,52.06305830645852,52.423601487856466,11.950612175004995
51,경기,장안구,71455,34506,32574,262957,130792,132165,2.118622214035734,0,수원 장안,10,6,50.26106930030385,48.290532502973896,12.387576676034485
52,경기,중원구,59573,28801,30171,208514,104312,104202,1.9091843160650956,0,성남 중원,7,8,49.97362287424345,48.34572709113189,14.46953202183067
53,경기,처인구,63708,30645,31962,237751,120595,117156,1.9175896376947625,0,용인 처인,9,9,49.27676434589129,48.10227914861556,13.443476578437105
54,경기,파주시,108645,53801,55828,420588,209760,210828,1.9273841083327363,0,파주,2,3,50.12696510599447,49.51999631828432,13.273797635690984
55,경기,팔달구,49683,24039,23997,166215,82671,83544,2.0035004375546945,0,수원 팔달,11,6,50.26261167764642,48.38475937443391,14.437325151159644
56,경기,평택시,133390,62961,56414,477029,243253,233776,2.2321055057255292,0,평택,11,4,49.006664165071726,47.20068970687458,11.826115393403756
57,경기,포천시,29729,13697,24626,135779,70116,65663,1.1124015268415497,0,포천,1,6,48.36020297689628,46.072858151972824,18.136825282260144
58,경기,하남시,71746,36174,31299,254528,126779,127749,2.3115115498897727,0,하남,3,9,50.19054878048781,50.419535583865304,12.296878928840835
59,경기,화성시,229274,111668,64048,768956,393408,375548,3.4870097426929805,0,화성,9,3,48.838685178345706,48.70504287446462,8.329215195667892
60,경남,거제시,58101,27750,23216,232585,120346,112239,2.390592694693315,0,거제,22,8,48.257196293828066,47.761656425879075,9.981727110518735
61,경남,거창군,9445,4421,15425,56403,27277,29126,0.57322528363047,1,거창,16,6,51.63909721114125,46.8078348332451,27.347836108008437
62,경남,고성군,7352,3285,14272,46838,23118,23720,0.4603419282511211,1,고성(경남),22,7,50.642640590973144,44.681719260065286,30.470985097570345
63,경남,김해시,129227,63358,52747,509414,254664,254750,2.4023356778584564,0,김해,20,9,50.00844107150569,49.028453806093154,10.354446481643615
64,경남,남해군,4833,2145,14868,39237,18754,20483,0.2885391444713479,1,남해,22,6,52.2032775186686,44.38237119801365,37.89280526034101
65,경남,마산합포구,39662,18743,32949,168372,83102,85270,1.137697653950044,0,창원 합포,19,8,50.64381251039365,47.25682013009934,19.569168270258714
66,경남,마산회원구,42074,20180,29609,183517,91161,92356,1.3630990577189368,0,창원 회원,21,7,50.325582916024125,47.96311261111375,16.13420010135301
67,경남,밀양시,16579,7788,26056,96207,46631,49576,0.5977893767270495,1,밀양,17,8,51.53055390979866,46.97508896797153,27.083268369245484
68,경남,사천시,20869,9440,21648,103059,51358,51701,0.8721359940872137,1,사천,21,6,50.16640953240377,45.23455843595764,21.00544348382965
69,경남,산청군,3993,1858,11163,31311,15203,16108,0.33288542506494667,1,산청,19,5,51.445179010571366,46.53143000250438,35.652007281785956
70,경남,성산구,56762,27247,15873,207933,104555,103378,3.4331254331254333,0,창원 성산,20,7,49.71697614135323,48.00218456009302,7.633708935089668
71,경남,양산시,85945,42376,41056,329721,163340,166381,2.064302416212003,0,양산,19,7,50.4611474549695,49.30595148059806,12.451739500972034
72,경남,의령군,3323,1579,8713,23911,11453,12458,0.3624469183977964,1,의령,18,7,52.1015432227845,47.517303641287995,36.439295721634394
73,경남,의창구,65290,30864,28161,242721,122271,120450,2.1919676147864067,0,창원 의창,20,6,49.62487794628401,47.27217031704702,11.602209944751381
74,경남,진주시,81837,39596,52845,332208,163346,168862,1.4985712934052418,0,진주,18,6,50.83020276453306,48.38398279506825,15.907202716370467
75,경남,진해구,45710,21823,24374,183583,92993,90590,1.7906785919422334,0,창원 진해,20,8,49.34552763600116,47.74228833953183,13.276828464509242
76,경남,창녕군,9435,4282,16795,56181,27648,28533,0.5099136647811848,1,창녕,17,7,50.78763282960431,45.38420773714891,29.894448301027037
77,경남,통영시,24459,11797,22350,122162,60826,61336,1.0556599552572707,0,통영,21,8,50.208739215140554,48.2317347397686,18.29537826820124
78,경남,하동군,5499,2433,13811,40744,19901,20843,0.3523278546086453,1,하동,20,5,51.155998429216574,44.244408074195306,33.89701551148636
79,경남,함안군,10996,5216,13955,60079,29988,30091,0.747545682551057,1,함안,19,6,50.0857204680504,47.435431065842124,23.22775012899682
80,경남,함양군,4844,2274,11805,35496,16980,18516,0.3852604828462516,1,함양,17,6,52.16362407031778,46.94467382328654,33.257268424611226
81,경남,합천군,5071,2298,15547,40085,19085,21000,0.29561973371068373,1,합천,16,7,52.38867406760633,45.316505620193254,38.78508170138456
82,경북,경산시,70122,32956,39828,255939,127793,128146,1.6549161393994174,0,경산,12,11,50.068961744790755,46.99808904480762,15.561520518561064
83,경북,경주시,51111,23620,50746,239382,119114,120268,0.9309108107042919,1,경주,12,12,50.241037337811534,46.21314394161726,21.198753456817972
84,경북,고령군,4501,2074,8819,29019,14552,14467,0.4703481120308425,1,고령,13,9,49.85354422964265,46.07864918906909,30.39043385368207
85,경북,구미시,116063,54585,35323,396338,201545,194793,3.090620841944342,0,구미,10,10,49.14820178736331,47.03049206034653,8.912342495546731
86,경북,군위군,2621,1141,8360,20861,10491,10370,0.27296650717703347,1,군위,11,10,49.70998513973443,43.53300267073636,40.074780691242026
87,경북,김천시,27713,13073,29105,129665,63978,65687,0.8983336196529806,1,김천,11,9,50.659005899818766,47.1728069858911,22.4463039370686
88,경북,남구,49270,22812,35726,221143,112611,108532,1.2770531265744836,0,포항 남구,11,12,49.07774607380745,46.299979703673635,16.15515752250806
89,경북,문경시,10167,4766,19266,64832,31547,33285,0.49475760406934494,1,문경,8,10,51.34038746298124,46.877151568801025,29.716806515301087
90,경북,봉화군,3568,1684,10308,28857,14309,14548,0.32673651532790066,1,봉화,8,11,50.414110960945344,47.19730941704036,35.7209689156877
91,경북,북구,56621,27263,41106,254864,125439,129425,1.3264730209701747,0,포항 북구,10,12,50.78198568648378,48.149979689514495,16.128601921024547
92,경북,상주시,14788,6635,27712,90827,44325,46502,0.4788539260969977,1,상주,11,8,51.19843218426239,44.86746010278605,30.51075120834113
93,경북,성주군,6021,2663,11890,38006,19264,18742,0.4479394449116905,1,성주,13,11,49.31326632636952,44.228533466201625,31.28453402094406
94,경북,안동시,30402,14428,34890,148890,73525,75365,0.8270564631699627,1,안동,9,10,50.61790583652361,47.45740411815012,23.433407213379002
95,경북,영덕군,4489,2086,12502,33715,15906,17809,0.3337066069428891,1,영덕,7,11,52.82218597063621,46.469146803296944,37.08141776657274
96,경북,영양군,1865,879,5674,15272,7531,7741,0.3098343320408883,1,영양,9,11,50.68753273965427,47.1313672922252,37.152959664745936
97,경북,영주시,17125,7880,25317,97309,47843,49466,0.6225066161077537,1,영주,10,9,50.83394136205284,46.01459854014598,26.017120718535796
98,경북,영천시,17393,7971,25552,92731,46027,46704,0.6239041953663118,1,영천,12,10,50.36503434665861,45.828781693784855,27.55497082960391
99,경북,예천군,8502,4179,15336,50742,24733,26009,0.5449921752738655,1,예천,10,8,51.25734105868906,49.15314043754411,30.223483504788934
100,경북,울릉군,1506,632,1972,8200,4436,3764,0.640973630831643,1,울릉,8,13,45.90243902439025,41.96547144754316,24.048780487804876
101,경북,울진군,7500,3309,12405,44272,22032,22240,0.5334945586457074,1,울진,6,11,50.23491145645102,44.12,28.019967473798335
102,경북,의성군,5802,2597,19316,47133,22823,24310,0.26889625181196936,1,의성,11,11,51.5774510427938,44.760427438814204,40.98190227653661
103,경북,청도군,5033,2271,14261,38218,18446,19772,0.3184909894116822,1,청도,13,10,51.73478465644461,45.122193522749846,37.314877806269294
104,경북,청송군,3120,1324,8408,23031,11451,11580,0.3149381541389153,1,청송,10,11,50.28005731405497,42.43589743589744,36.50731622595632
105,경북,칠곡군,26524,12373,15881,108254,55417,52837,1.558214218248221,0,칠곡,12,9,48.80835812071609,46.648318503996386,14.67012766271916
106,광주,광산구,108402,54745,33965,392634,195701,196933,3.2236125423229796,0,광주 광산,21,2,50.15688911301619,50.50183575948783,8.650549875965913
107,광주,남구,52095,26643,34372,209133,100399,108734,1.5502734784126615,0,광주 남구,23,2,51.99275102446769,51.14310394471639,16.43547407630551
108,광주,동구,26870,13001,19994,95738,47381,48357,1.3004901470441133,0,광주 동구,23,3,50.50972445632873,48.38481577967994,20.884079466878354
109,광주,북구,115023,56938,58933,422264,208100,214164,1.9322959971493052,0,광주 북구,22,3,50.71803421556182,49.501404067012686,13.956434836974028
110,광주,서구,77733,39602,38366,289981,141373,148608,2.064432049210238,0,광주 서구,22,2,51.24749552556892,50.94618759085587,13.230521999717224
111,대구,남구,36403,18059,31219,141016,67453,73563,1.1569236682789328,0,대구 남구,15,9,52.16642083167867,49.608548745982475,22.138622567651897
112,대구,달서구,142081,69705,72740,549980,269246,280734,1.9165521033819082,0,대구 달서,16,8,51.04440161460416,49.06004321478593,13.22593548856322
113,대구,달성군,68262,33012,27906,243000,122037,120963,2.36594280799828,0,대구 달성,16,9,49.779012345679014,48.36072778412587,11.48395061728395
114,대구,동구,82204,39988,60517,328007,160082,167925,1.3215460118644349,0,대구 동구,15,10,51.19555375342599,48.64483480122622,18.4499111299454
115,대구,북구,113047,54402,56992,425333,210525,214808,1.9091100505334082,0,대구 북구,14,8,50.50348785539801,48.1233469264996,13.399383541836633
116,대구,서구,39397,18019,34817,167446,83008,84438,1.0350690754516472,0,대구 서구,15,8,50.42700333241762,45.73698504962307,20.79297206263512
117,대구,수성구,88787,44780,60804,405234,195256,209978,1.4729294125386487,0,대구 수성,14,10,51.81648134164458,50.43531147577911,15.004663971927332
118,대구,중구,21428,10915,14236,72483,34690,37793,1.5334363585276762,0,대구 중구,14,9,52.14050191079288,50.938025014000374,19.64046741994675
119,대전,대덕구,43677,20568,24547,170822,85844,84978,1.6758055974253472,0,대전 대덕,13,5,49.74651976911639,47.09114636994299,14.369928931870602
120,대전,동구,59947,28471,37784,221955,111143,110812,1.5070400169383866,0,대전 동구,14,5,49.92543533599153,47.49361936377133,17.023270482755514
121,대전,서구,134767,67755,54211,463747,226805,236942,2.499677187286713,0,대전 서구,16,4,51.09294507565547,50.27566095557518,11.689779125255797
122,대전,유성구,103746,49545,29084,336354,170005,166349,3.4070279191307935,0,대전 유성,15,4,49.45652497071538,47.75605806488925,8.646842314941996
123,대전,중구,54807,27469,41168,227181,110975,116206,1.3344830936649825,0,대전 중구,15,5,51.15128465848816,50.11951028153339,18.1212337299334
124,부산,강서구,35490,17626,13407,120451,61117,59334,2.629372715745506,0,부산 강서,18,8,49.259865007347386,49.6646942800789,11.130667242281094
125,부산,금정구,59601,28544,43238,228110,111149,116961,1.3203200888107682,0,부산 금정,16,10,51.27394678006225,47.89181389574001,18.95489018456008
126,부산,기장군,37473,18881,22967,154532,75833,78699,1.644185135193974,0,부산 기장,16,12,50.92731602515984,50.385610973234066,14.862293893821343
127,부산,남구,65648,32292,48766,262984,127898,135086,1.324365336504942,0,부산 남구,19,11,51.366623064521036,49.18961735315623,18.543333434733672
128,부산,동구,18886,9163,20349,81089,39342,41747,0.9005847953216374,1,부산 동구,18,10,51.4829384996732,48.51742031134174,25.09464908927228
129,부산,동래구,61364,30706,43883,254552,123015,131537,1.399448533600711,0,부산 동래,16,11,51.6739212420252,50.03911087934294,17.23930670354191
130,부산,부산진구,93807,47780,62545,339223,162539,176684,1.5278599408425932,0,부산 부산진,17,10,52.08491169525651,50.934365239267855,18.437723857167704
131,부산,북구,69489,33946,42923,276503,135427,141076,1.5817160962654055,0,부산 북구,17,9,51.021507904073374,48.850897264315215,15.5235205404643
132,부산,사상구,54928,26362,33971,209051,104170,104881,1.5520296723676077,0,부산 사상,18,9,50.17005419730114,47.99373725604428,16.250101649836644
133,부산,사하구,77401,37266,51920,304746,150249,154497,1.4355161787365178,0,부산 사하,19,10,50.69697387332401,48.146664771772976,17.037139125698122
134,부산,서구,23642,11902,23618,100101,48104,51997,1.0078753493098485,0,부산 서구,19,9,51.94453601862119,50.34261060823957,23.594169888412704
135,부산,수영구,44258,22650,33380,164784,77880,86904,1.3571000599161174,0,부산 수영,20,11,52.738129915525775,51.17718830493922,20.256821050587437
136,부산,연제구,50757,25805,35307,197985,94732,103253,1.4617497946582831,0,부산 연제,17,11,52.151930701820845,50.840278188230194,17.833169179483292
137,부산,영도구,22954,10617,27636,109458,53656,55802,0.7683456361267912,1,부산 영도,20,10,50.98028467540061,46.253376317853096,25.24804034424163
138,부산,중구,9289,4458,9567,38566,18759,19807,0.9319535904672311,1,부산 중구,18,11,51.358709744334384,47.9922488965443,24.806824664211998
139,부산,해운대구,88245,45139,61986,379986,181834,198152,1.4564256445003712,0,부산 해운대,17,12,52.14718436995047,51.15190662360474,16.312706257598965
140,서울,강남구,140926,76930,65713,493492,234001,259491,2.3413936359624428,0,서울 강남,8,6,52.58261532101838,54.58893319898387,13.315920014914123
141,서울,강동구,114312,58315,59133,403443,196902,206541,1.9723335531767372,0,서울 강동,5,8,51.194592544671735,51.01389180488488,14.657089105524202
142,서울,강북구,78369,39639,56516,294143,141759,152384,1.4027532026328828,0,서울 강북,3,5,51.80609431467007,50.57994870420702,19.21378377183887
143,서울,강서구,177038,92400,79180,559359,268057,291302,2.3339227077544833,0,서울 강서,6,4,52.077824795882435,52.192184728702316,14.155488693307875
144,서울,관악구,186005,91377,70663,472796,234870,237926,2.586275702984589,0,서울 관악,7,5,50.32318378328073,49.126098760786,14.945769422753152
145,서울,광진구,113351,59479,44612,331747,159187,172560,2.666502286380346,0,서울 광진,6,7,52.01554196420767,52.47329092817884,13.447597114668708
146,서울,구로구,112888,57708,61715,386239,188979,197260,1.8701450214696589,0,서울 구로,9,4,51.072004639614335,51.11969385585713,15.978448577176307
147,서울,금천구,67481,32331,34691,219896,110152,109744,1.8639416563373785,0,서울 금천,8,5,49.90722887183032,47.91126391132319,15.776094153599885
148,서울,노원구,131084,66657,76136,504967,241951,263016,1.7509982137228117,0,서울 노원,2,6,52.08577986284252,50.850599615513715,15.077420900771735
149,서울,도봉구,81619,41366,55474,315032,152106,162926,1.4913653242960667,0,서울 도봉,2,5,51.71728586302344,50.681826535488064,17.60900479951243
150,서울,동대문구,103780,51838,54777,327897,160582,167315,1.8926921883272176,0,서울 동대문,4,7,51.02669435828934,49.94989400655232,16.705550828461377
151,서울,동작구,123540,63236,58255,374478,180291,194187,2.1710067805338595,0,서울 동작,6,5,51.855382692708254,51.186660191031244,15.556321065589968
152,서울,마포구,118571,64500,47926,348755,163126,185629,2.6916496265075325,0,서울 마포,5,5,53.22619030551533,54.39778697995295,13.742025203939729
153,서울,서대문구,90833,47970,47748,291958,137971,153987,2.009298818798693,0,서울 서대문,4,5,52.74286027442303,52.81120297689166,16.35440714075312
154,서울,서초구,108033,58717,52440,391520,185921,205599,2.239397406559878,0,서울 서초,7,6,52.513026154474865,54.35098534706988,13.393951777686963
155,서울,성동구,91871,47313,40757,283330,137125,146205,2.3217116078219693,0,서울 성동,5,7,51.602371792609325,51.49938500723841,14.38499276462076
156,서울,성북구,123727,64579,65389,418403,200642,217761,1.975225190781324,0,서울 성북,3,6,52.04575493005548,52.19475134772523,15.62823402317861
157,서울,송파구,190322,101198,81962,629275,301491,327784,2.469388253092897,0,서울 송파,6,8,52.08915021254619,53.1719927281134,13.024830161694013
158,서울,양천구,108836,56142,57720,429819,208741,221078,1.9453222453222454,0,서울 양천,7,4,51.43513897710431,51.58403469440259,13.428908447509299
159,서울,영등포구,113318,58287,52455,341509,167114,174395,2.222362024592508,0,서울 영등포,8,4,51.066004117021805,51.43666496055349,15.359770899156391
160,서울,용산구,64265,33888,32923,204196,97390,106806,2.0586216322935336,0,서울 용산,6,6,52.30562792611021,52.73165797868202,16.12323453936414
161,서울,은평구,124564,65072,74710,447693,213158,234535,1.741989024227011,0,서울 은평,5,4,52.38746194378737,52.239812465880995,16.68777488144778
162,서울,종로구,40758,20957,23700,136649,65594,71055,1.7685232067510548,0,서울 종로,4,6,51.998185131248675,51.418126502772466,17.343705405820753
163,서울,중구,37325,19327,19765,115665,55820,59845,1.955679230963825,0,서울 중구,5,6,51.7399386158302,51.7803081044876,17.0881424804392
164,서울,중랑구,108476,54584,61294,374640,183357,191283,1.781055241948641,0,서울 중랑,4,8,51.05781550288276,50.31896456359011,16.36077300875507
165,세종,세종시,93067,47728,29227,321495,159457,162038,3.2660211448318335,0,세종,13,4,50.401405931663014,51.28348394167642,9.090965644877837
166,울산,남구,82578,38741,34419,307294,155232,152062,2.251140358522909,0,울산 남구,15,12,49.48420730635808,46.9144324154133,11.200674272846198
167,울산,동구,39771,18492,17097,151207,77870,73337,2.1631865239515706,0,울산 동구,14,12,48.5010614587949,46.49619069171004,11.307016209567017
168,울산,북구,57905,28030,15219,205269,104664,100605,3.683553452920691,0,울산 북구,13,12,49.01129737076714,48.40687332700112,7.414173596597635
169,울산,울주군,48404,22638,27838,207367,105698,101669,1.626409943243049,0,울산 울주,14,11,49.028533951882416,46.76886207751426,13.42450823901585
170,울산,중구,52459,24879,29334,212450,106869,105581,1.6962569032521988,0,울산 중구,15,11,49.69686985172982,47.42560857050268,13.807484113909155
171,인천,강화군,9079,4265,19402,60622,30141,30481,0.4396453973817132,1,인천 강화,5,1,50.280426247896806,46.97653926643903,32.00488271584573
172,인천,계양구,79401,39652,32634,288422,141983,146439,2.4301035729607157,0,인천 계양,7,2,50.772479214484335,49.938917645873474,11.314670864219789
173,인천,남동구,139243,69710,62739,508503,250015,258488,2.2222222222222223,0,인천 남동,10,2,50.83313176126788,50.06355795264395,12.337980306900844
174,인천,동구,13526,6549,12858,60791,30224,30567,1.0186654223051796,0,인천 동구,6,2,50.28211412873617,48.41786189560846,21.151157243670937
175,인천,미추홀구,110480,52588,62042,391216,195241,195975,1.695238709261468,0,인천 미추홀,9,2,50.09381006911783,47.599565532223025,15.858758332992515
176,인천,부평구,136229,68137,65451,487471,238604,248867,2.0820766680417413,0,인천 부평,8,2,51.05267800546084,50.016516307100545,13.426644867079274
177,인천,서구,144517,72497,49718,515884,257587,258297,2.9163280904300253,0,인천 서구,6,1,50.06881391940824,50.16503248752742,9.637437873630505
178,인천,연수구,95482,48745,32424,345349,170243,175106,3.0067234147545028,0,인천 연수,10,1,50.70407037518569,51.05150709034163,9.38876325108803
179,인천,옹진군,3675,1291,4623,17746,9801,7945,0.5585117888816785,1,인천 옹진,10,0,44.77065254141778,35.12925170068027,26.05094105713964
180,인천,중구,35567,17264,17176,123549,63147,60402,2.0102468560782487,0,인천 중구,9,1,48.8891047276789,48.539376388225044,13.90217646439874
181,전남,강진군,4568,2263,10775,30984,14729,16255,0.42004640371229696,1,강진,24,1,52.462561321972636,49.54028021015762,34.776013426284536
182,전남,고흥군,6823,3131,23336,57330,27685,29645,0.26834076105587934,1,고흥,22,5,51.70940170940172,45.888905173677266,40.704692133263556
183,전남,곡성군,3932,1773,9129,25420,12377,13043,0.38843246795925074,1,곡성,21,3,51.30999213217938,45.09155645981689,35.91266719118804
184,전남,광양시,32494,15237,17573,136701,69766,66935,1.7341375974506346,0,광양,21,5,48.9645284233473,46.8917338585585,12.855063240210384
185,전남,구례군,3138,1529,7798,22648,10860,11788,0.39215183380353935,1,구례,20,4,52.04874602613917,48.725302740599105,34.43129636170965
186,전남,나주시,24039,11951,22275,102246,50367,51879,1.0730415263748596,0,나주,22,1,50.739393228096944,49.71504638296102,21.785693327856347
187,전남,담양군,6745,3210,12503,39391,19376,20015,0.5134767655762617,1,담양,20,2,50.81109898200097,47.59080800593032,31.740752963874996
188,전남,목포시,50155,24700,34227,217091,107238,109853,1.4433049931340753,0,목포,22,0,50.602281992344224,49.247333266872694,15.766199427889688
189,전남,무안군,16346,7887,14833,73190,36499,36691,1.0634396278568057,0,무안,21,1,50.13116545976226,48.25033647375505,20.2664298401421
190,전남,보성군,4721,2235,13817,35928,17253,18675,0.3235145111095028,1,보성,24,3,51.97895791583166,47.34166490150392,38.45747049654865
191,전남,순천시,62033,30704,38896,258508,127392,131116,1.578774167009461,0,순천,22,4,50.720287186470046,49.49623587445392,15.046342859795441
192,전남,신안군,4625,1893,12414,33248,17302,15946,0.304978250362494,1,신안,21,0,47.96077959576516,40.92972972972973,37.33758421559192
193,전남,여수시,57128,26312,47866,257459,129856,127603,1.0994024986420423,0,여수,23,4,49.56245460442245,46.05797507351912,18.59169809561911
194,전남,영광군,8339,4021,13560,46722,22997,23725,0.5930678466076696,1,영광,19,1,50.77907623817474,48.21921093656314,29.022730191344547
195,전남,영암군,9127,4164,12694,49208,25034,24174,0.6560579801481015,1,영암,23,1,49.12615834823606,45.622877177604906,25.796618436026662
196,전남,완도군,6845,3027,14341,44786,22541,22245,0.42214629384282826,1,완도,25,2,49.669539588264186,44.22205989773557,32.02116732907605
197,전남,장성군,6561,3166,11511,38235,18789,19446,0.5500825297541482,1,장성,19,2,50.85916045508042,48.25483920134126,30.10592389172224
198,전남,장흥군,5138,2460,11638,34009,16311,17698,0.4227530503522942,1,장흥,24,2,52.03916610309036,47.87855196574542,34.220353435855216
199,전남,진도군,3887,1739,9188,26956,13233,13723,0.3785372224640836,1,진도,24,0,50.9088885591334,44.73887316696681,34.085175842113074
200,전남,함평군,3847,1728,10199,27888,13806,14082,0.3388567506618296,1,함평,20,1,50.49483648881239,44.918118014036914,36.571285140562246
201,전남,해남군,9221,4520,19832,61147,29830,31317,0.45582896329164985,1,해남,23,0,51.21592228563953,49.01854462639627,32.43331643416684
202,전남,화순군,9692,4837,14657,55338,26670,28668,0.6600259261786178,1,화순,21,4,51.80526943510788,49.907139909203465,26.48632043080704
203,전북,고창군,7410,3451,16964,49705,24257,25448,0.4068615892478189,1,고창,18,1,51.19806860476813,46.57219973009447,34.12936324313449
204,전북,군산시,58341,28080,44223,253097,126535,126562,1.2699274133369514,0,군산,16,2,50.005333923357455,48.130817092610684,17.47274760269778
205,전북,김제시,12643,6020,23275,75211,36619,38592,0.5172932330827068,1,김제,17,3,51.31164324367447,47.61528118326346,30.946271157144565
206,전북,남원시,12442,6092,20231,73845,35836,38009,0.6022440808659977,1,남원,18,5,51.4713250727876,48.96318919787815,27.396573904800597
207,전북,덕진구,82008,40450,40176,303902,150420,153482,2.0136399840700916,0,전주 덕진,18,3,50.503780824081446,49.32445615061945,13.220051200716021
208,전북,무주군,3071,1449,7291,21857,10779,11078,0.39747634069400634,1,무주,16,5,50.68399139863659,47.183327906219475,33.357734364276894
209,전북,부안군,7273,3412,15492,47159,23144,24015,0.4404854118254583,1,부안,17,2,50.9234716597044,46.91324075347175,32.850569350495135
210,전북,순창군,3732,1942,8467,25304,12130,13174,0.45872209755521437,1,순창,20,3,52.06291495415745,52.036441586280816,33.46111286753082
211,전북,완산구,82950,41666,48062,324110,157102,167008,1.7338437851108983,0,전주 완산,19,3,51.52818487550523,50.23025919228451,14.828916108728517
212,전북,완주군,19047,9093,18469,86410,43862,42548,0.9846770263685094,1,완주,17,4,49.23967133433631,47.739801543550165,21.37368360143502
213,전북,익산시,64767,30694,49006,270779,134541,136238,1.2526629392319308,0,익산,16,3,50.31335517156057,47.3914184692822,18.098153845017524
214,전북,임실군,4078,1953,8782,25064,12476,12588,0.4447734001366431,1,임실,19,4,50.2234280242579,47.891123099558605,35.03830194701564
215,전북,장수군,2972,1422,6777,20084,9869,10215,0.4196547144754316,1,장수,17,5,50.86138219478191,47.84656796769852,33.743278231428
216,전북,정읍시,17454,8352,27007,99749,49037,50712,0.6185063131780649,1,정읍,18,2,50.839607414610676,47.85149535922998,27.07495814494381
217,전북,진안군,3123,1561,7722,22048,10926,11122,0.4042994042994043,1,진안,18,4,50.4444847605225,49.9839897534422,35.02358490566038
218,제주,서귀포시,34640,17328,31129,164899,82173,82726,1.1133027080857079,0,서귀포,26,5,50.16767839707943,50.02309468822171,18.877615995245574
219,제주,제주시,114518,57292,61965,458548,227688,230860,1.8491729201968854,0,제주,25,5,50.34587436865934,50.02881643060479,13.513307221926604
220,충남,계룡시,8354,4111,4456,40062,19798,20264,1.845152603231598,0,계룡,14,4,50.58159852229045,49.20995930093369,11.122759722430233
221,충남,공주시,21079,10077,24031,98934,49143,49791,0.8386667221505555,1,공주,12,4,50.32749105464249,47.805873143887275,24.289930660844604
222,충남,금산군,8222,3745,14314,48333,24142,24191,0.5232639374039402,1,금산,15,3,50.05069000475866,45.548528338603745,29.615376657770053
223,충남,논산시,21283,10059,27347,109021,53875,55146,0.735656561962921,1,논산,14,3,50.58291521816898,47.263073814781755,25.084158097981124
224,충남,당진시,37981,16874,27802,156610,81970,74640,1.2138695057909503,0,당진,12,1,47.65979183960155,44.42747689634291,17.752378519890172
225,충남,동남구,69793,34341,32604,251256,125551,125705,2.106551343393449,0,천안 동남,11,2,50.03064603432355,49.20407490722565,12.976406533575318
226,충남,보령시,17433,7920,23385,93070,46468,46602,0.6773572803078897,1,보령,13,2,50.07198882561513,45.43107898812597,25.126249059847428
227,충남,부여군,9004,4129,20327,60848,29958,30890,0.4062576868204851,1,부여,14,2,50.76584275571917,45.85739671257219,33.406192479621346
228,충남,서북구,123468,60130,30501,375397,189764,185633,3.94282154683453,0,천안 서북,11,3,49.44978249692992,48.70087796028121,8.124998335095912
229,충남,서산시,37824,17285,29258,163658,83783,79875,1.1815571809419645,0,서산,13,1,48.80604675604003,45.698498307952626,17.877525082794605
230,충남,서천군,6788,3017,17125,48065,23558,24507,0.35235036496350364,1,서천,15,2,50.98720482679705,44.44608131997643,35.62883595131592
231,충남,아산시,82081,39132,37285,298717,152655,146062,2.099074694917527,0,아산,11,1,48.896447138930824,47.67485776245416,12.481713461235886
232,충남,예산군,12312,5622,22163,73032,36332,36700,0.5073320398862969,1,예산,12,3,50.25194435316026,45.66276803118908,30.34697119071092
233,충남,청양군,4356,1929,10023,28735,14435,14300,0.3849146961987429,1,청양,13,3,49.765094832086305,44.28374655647383,34.88080737776231
234,충남,태안군,9463,4122,17252,57081,28668,28413,0.4778576396939485,1,태안,11,0,49.776633205444895,43.559125013209346,30.22371717384068
235,충남,홍성군,19959,9656,21525,94962,46923,48039,0.8971893147502904,1,홍성,12,2,50.5876034624376,48.37917731349266,22.666961521450684
236,충북,괴산군,5135,2159,11428,34160,17360,16800,0.37784389219460973,1,괴산,12,8,49.18032786885246,42.044790652385586,33.45433255269321
237,충북,단양군,3842,1746,7955,26478,13293,13185,0.43896920175989945,1,단양,11,7,49.79605710401088,45.44508068714212,30.043809955434703
238,충북,보은군,4288,1949,10025,29945,14864,15081,0.3888279301745636,1,보은,13,8,50.362330940056765,45.45242537313433,33.478043078978125
239,충북,상당구,39870,19444,25585,167873,82711,85162,1.519953097518077,0,청주 상당,14,6,50.730016143155844,48.76849761725609,15.24068790097276
240,충북,서원구,53447,25609,26464,197002,97386,99616,1.9353839177750907,0,청주 서원,14,7,50.56598410168425,47.91475667483675,13.4333661587192
241,충북,영동군,7450,3394,13433,44563,22177,22386,0.5053227127224,1,영동,15,7,50.234499472656694,45.557046979865774,30.143841303323388
242,충북,옥천군,7557,3530,13177,46182,22957,23225,0.5357820444714275,1,옥천,15,6,50.290156337967176,46.71165806536985,28.53276168204062
243,충북,음성군,18696,8489,16864,85751,44540,41211,1.006759962049336,0,음성,11,5,48.05891476484239,45.40543431750107,19.66624295926578
244,충북,제천시,26688,12484,26116,126666,63363,63303,0.9560422729361311,1,제천,10,7,49.97631566481929,46.77757793764988,20.6180032526487
245,충북,증평군,9059,4087,5720,35464,18166,17298,1.4290209790209791,0,증평,13,6,48.77622377622377,45.11535489568385,16.129032258064516
246,충북,진천군,18978,8623,12143,76197,39378,36819,1.4202421147986495,0,진천,12,5,48.3208000314973,45.43682158288544,15.936322952347206
247,충북,청원구,57755,26880,21908,188723,95997,92726,2.4538981194084353,0,청주 청원,13,7,49.13338596779407,46.5414249848498,11.608547977723966
248,충북,충주시,47183,21483,37574,201057,101311,99746,1.1435034864533986,0,충주,12,6,49.610806885609556,45.53122946824068,18.688232690232123
249,충북,흥덕구,75036,36141,26340,248926,124808,124118,2.7441913439635535,0,청주 흥덕,12,7,49.86140459413641,48.16488085718855,10.581457943324523
